Setup (corde principale / travers);Type;Tension recommandée (kg);Puissance;Contrôle;Spin;Confort;Durabilité;Prix moyen (€);Profil joueur idéal
Babolat RPM Blast / VS Touch;Poly / Boyau naturel;22 / 24;8;9;10;8;8;≈40;Lifteur cherchant spin + toucher (setup Nadal)
Solinco Hyper-G / Tecnifibre NRG²;Poly / Multi;22 / 24;8;8;9;8;7;≈35;Spin + confort sans perte de contrôle
Luxilon ALU Power / Wilson NXT;Poly / Multi;22 / 25;8;9;9;7;8;≈38;Plus de tolérance et de réactivité
Tecnifibre Black Code / X-One Biphase;Poly / Multi;22 / 24;9;8;9;8;7;≈38;Lift + élasticité, confort amélioré
Artengo TA 990 Spin / TA 530 Multi;Poly / Multi;22 / 24;8;8;9;8;7;≈25;Excellent spin + confort à petit prix
Tecnifibre Razor Soft / HDMX;Poly / Multi;22 / 23;8;9;8;8;8;≈35;Stabilité et toucher équilibré
Head Hawk Touch / Velocity MLT;Poly / Multi;22 / 25;8;9;8;8;8;≈30;Contrôle + confort, très constant
Kirschbaum Max Power / Touch Multifiber;Poly / Multi;22 / 25;8;9;8;8;8;≈28;Sensation ferme mais amortie
MSV Focus Hex / Gosen AK Pro CX;Poly / Multi;22 / 25;8;9;8;8;8;≈25;Budget modéré, bon contrôle global
Artengo TA 960 Control / TA 530 Multi;Poly / Multi;22 / 24;8;9;8;8;8;≈20;Excellent rapport qualité/prix pour contrôle et confort
Yonex Poly Tour Pro / Rexis Comfort;Poly / Multi;22 / 24;8;8;8;8;8;≈30;Setup souple et réactif
Head Lynx / Velocity MLT;Poly / Multi;22 / 24;8;8;8;8;8;≈28;Bon équilibre global
Tecnifibre Ice Code / NRG²;Poly / Multi;22 / 24;9;8;8;8;8;≈35;Équilibre puissance + toucher
Signum Pro Firestorm / Micronite;Poly / Multi;22 / 25;8;8;8;8;8;≈25;Confort et durée excellents
Artengo TA 960 Comfort / TA 530 Multi;Poly / Multi;22 / 24;8;8;7;9;7;≈18;Sensation douce, très tolérante
Tecnifibre HDMX / X-One Biphase;Multi / Multi;23 / 25;9;8;6;10;6;≈35;Toucher haut de gamme, bras sensibles
Head RIP Control / Velocity MLT;Multi / Multi;24 / 25;8;9;6;9;9;≈28;Stabilité + confort durable
Babolat Addiction / Xcel;Multi / Multi;24 / 26;9;7;6;10;6;≈25;Excellent confort, puissance maîtrisée
Artengo TA 530 Multi / TA 500 Multi;Multi / Multi;24 / 26;8;7;5;9;6;≈15;Très bon confort à petit prix
Wilson NXT / Sensation;Multi / Multi;24 / 26;9;6;5;10;6;≈25;Douceur, idéal après blessure
Luxilon 4G / Wilson NXT;Poly / Multi;22 / 24;7;10;8;7;9;≈35;Maintien tension longue durée
Head Hawk / RIP Control;Poly / Multi;22 / 25;8;9;8;8;9;≈30;Fermeté + contrôle, setup durable
Solinco Confidential / Hyper-G Soft;Poly / Poly;22 / 22;7;9;9;6;9;≈30;Full-poly souple, contrôle précis
Tecnifibre Razor Code / Ice Code;Poly / Poly;22 / 22;7;9;8;6;9;≈30;Précision + toucher plus doux
Artengo TA 960 Control / TA 990 Spin;Poly / Poly;22 / 22;7;9;9;6;9;≈18;Setup Decathlon performant et durable